-- phpMyAdmin SQL Dump
-- version 5.2.0
-- https://www.phpmyadmin.net/
--
-- Host: 127.0.0.1
-- Generation Time: Jul 20, 2023 at 02:25 PM
-- Server version: 10.4.27-MariaDB
-- PHP Version: 8.2.0

SET SQL_MODE = "NO_AUTO_VALUE_ON_ZERO";
START TRANSACTION;
SET time_zone = "+00:00";


/*!40101 SET @OLD_CHARACTER_SET_CLIENT=@@CHARACTER_SET_CLIENT */;
/*!40101 SET @OLD_CHARACTER_SET_RESULTS=@@CHARACTER_SET_RESULTS */;
/*!40101 SET @OLD_COLLATION_CONNECTION=@@COLLATION_CONNECTION */;
/*!40101 SET NAMES utf8mb4 */;

--
-- Database: `db_ta_prediction`
--

-- --------------------------------------------------------

--
-- Table structure for table `alembic_version`
--

CREATE TABLE `alembic_version` (
  `version_num` varchar(32) NOT NULL
) ENGINE=InnoDB DEFAULT CHARSET=utf8mb4 COLLATE=utf8mb4_general_ci;

--
-- Dumping data for table `alembic_version`
--

INSERT INTO `alembic_version` (`version_num`) VALUES
('e408eac99f43');

-- --------------------------------------------------------

--
-- Table structure for table `dataset`
--

CREATE TABLE `dataset` (
  `id` bigint(20) NOT NULL,
  `tahun` bigint(20) NOT NULL,
  `bulan` varchar(20) NOT NULL,
  `jenis_donasi` varchar(255) DEFAULT NULL,
  `jumlah_donasi` bigint(20) DEFAULT NULL,
  `jumlah_data` bigint(20) NOT NULL,
  `id_master` bigint(20) NOT NULL
) ENGINE=InnoDB DEFAULT CHARSET=utf8mb4 COLLATE=utf8mb4_general_ci;

--
-- Dumping data for table `dataset`
--

INSERT INTO `dataset` (`id`, `tahun`, `bulan`, `jenis_donasi`, `jumlah_donasi`, `jumlah_data`, `id_master`) VALUES
(1, 2018, '1', 'CILKUR', 12015348, 36, 2),
(2, 2018, '1', 'INFAK', 1069019814, 3713, 2),
(3, 2018, '1', 'INFAK TEMATIK', 380513612, 614, 2),
(4, 2018, '1', 'INFAK TERIKAT', 3244000, 13, 2),
(5, 2018, '1', 'KEMANUSIAAN', 465542857, 586, 2),
(6, 2018, '1', 'NON HALAL', 34111, 1, 2),
(7, 2018, '1', 'WAKAF', 832879190, 874, 2),
(8, 2018, '1', 'ZAKAT', 8871923911, 14487, 2),
(9, 2018, '2', 'CILKUR', 11115248, 35, 2),
(10, 2018, '2', 'INFAK', 881007180, 3276, 2),
(11, 2018, '2', 'INFAK TEMATIK', 325696573, 715, 2),
(12, 2018, '2', 'INFAK TERIKAT', 10422516, 15, 2),
(13, 2018, '2', 'KEMANUSIAAN', 121748058, 341, 2),
(14, 2018, '2', 'KURBAN', 300000, 1, 2),
(15, 2018, '2', 'NON HALAL', 35719, 1, 2),
(16, 2018, '2', 'WAKAF', 427468591, 763, 2),
(17, 2018, '2', 'ZAKAT', 6284510946, 13895, 2),
(18, 2018, '3', 'CILKUR', 16118032, 39, 2),
(19, 2018, '3', 'INFAK', 1037085466, 3570, 2),
(20, 2018, '3', 'INFAK TEMATIK', 350794582, 620, 2),
(21, 2018, '3', 'INFAK TERIKAT', 55210000, 8, 2),
(22, 2018, '3', 'KEMANUSIAAN', 391324362, 724, 2),
(23, 2018, '3', 'KURBAN', 600000, 2, 2),
(24, 2018, '3', 'NON HALAL', 85123, 1, 2),
(25, 2018, '3', 'WAKAF', 1968298320, 824, 2),
(26, 2018, '3', 'ZAKAT', 7396975468, 15183, 2),
(27, 2018, '4', 'CILKUR', 19817257, 35, 2),
(28, 2018, '4', 'INFAK', 1192251160, 3335, 2),
(29, 2018, '4', 'INFAK TEMATIK', 311180016, 767, 2),
(30, 2018, '4', 'INFAK TERIKAT', 864118755, 10, 2),
(31, 2018, '4', 'KEMANUSIAAN', 180797845, 374, 2),
(32, 2018, '4', 'KURBAN', 4875000, 3, 2),
(33, 2018, '4', 'WAKAF', 897075943, 953, 2),
(34, 2018, '4', 'ZAKAT', 6832822033, 13064, 2),
(35, 2018, '5', 'CILKUR', 31576980, 51, 2),
(36, 2018, '5', 'INFAK', 1588251997, 8977, 2),
(37, 2018, '5', 'INFAK TEMATIK', 816373217, 2289, 2),
(38, 2018, '5', 'INFAK TERIKAT', 46638001, 94, 2),
(39, 2018, '5', 'KEMANUSIAAN', 182160977, 441, 2),
(40, 2018, '5', 'KURBAN', 29724000, 7, 2),
(41, 2018, '5', 'NON HALAL', 650702, 5, 2),
(42, 2018, '5', 'WAKAF', 2031756497, 1605, 2),
(43, 2018, '5', 'ZAKAT', 19106475270, 16151, 2),
(44, 2018, '6', 'CILKUR', 30182257, 47, 2),
(45, 2018, '6', 'INFAK', 2796448039, 9188, 2),
(46, 2018, '6', 'INFAK TEMATIK', 940804024, 2150, 2),
(47, 2018, '6', 'INFAK TERIKAT', 21536700, 85, 2),
(48, 2018, '6', 'KEMANUSIAAN', 562254256, 846, 2),
(49, 2018, '6', 'KURBAN', 46924000, 19, 2),
(50, 2018, '6', 'NON HALAL', 70123, 1, 2),
(51, 2018, '6', 'WAKAF', 6904541299, 1909, 2),
(52, 2018, '6', 'ZAKAT', 34993722709, 31325, 2),
(53, 2018, '7', 'CILKUR', 30097345, 55, 2),
(54, 2018, '7', 'INFAK', 1017411458, 3983, 2),
(55, 2018, '7', 'INFAK TEMATIK', 228287468, 943, 2),
(56, 2018, '7', 'INFAK TERIKAT', 169435088, 10, 2),
(57, 2018, '7', 'KEMANUSIAAN', 454705475, 475, 2),
(58, 2018, '7', 'KURBAN', 6025714192, 1959, 2),
(59, 2018, '7', 'WAKAF', 2292590068, 971, 2),
(60, 2018, '7', 'ZAKAT', 6887858212, 13353, 2),
(61, 2018, '8', 'CILKUR', 118198299, 67, 2),
(62, 2018, '8', 'INFAK', 1558523554, 7268, 2),
(63, 2018, '8', 'INFAK TEMATIK', 143743108, 717, 2),
(64, 2018, '8', 'INFAK TERIKAT', 2350863401, 10, 2),
(65, 2018, '8', 'KEMANUSIAAN', 3229017509, 4071, 2),
(66, 2018, '8', 'KURBAN', 30851888133, 10896, 2),
(67, 2018, '8', 'LAIN-LAIN', 500000, 1, 2),
(68, 2018, '8', 'NON HALAL', 896123, 2, 2),
(69, 2018, '8', 'WAKAF', 1807807020, 948, 2),
(70, 2018, '8', 'ZAKAT', 6676190406, 12474, 2),
(71, 2018, '9', 'CILKUR', 11380551, 24, 2),
(72, 2018, '9', 'INFAK', 626982746, 3004, 2),
(73, 2018, '9', 'INFAK TEMATIK', 468952186, 573, 2),
(74, 2018, '9', 'INFAK TERIKAT', 185099217, 13, 2),
(75, 2018, '9', 'KEMANUSIAAN', 1475072807, 1535, 2),
(76, 2018, '9', 'KURBAN', 2275000, 1, 2),
(77, 2018, '9', 'NON HALAL', 168111, 2, 2),
(78, 2018, '9', 'WAKAF', 512551476, 705, 2),
(79, 2018, '9', 'ZAKAT', 5974922316, 11765, 2),
(80, 2018, '10', 'CILKUR', 7514526, 29, 2),
(81, 2018, '10', 'INFAK', 650350455, 3058, 2),
(82, 2018, '10', 'INFAK TEMATIK', 442390424, 524, 2),
(83, 2018, '10', 'INFAK TERIKAT', 31296000, 5, 2),
(84, 2018, '10', 'KEMANUSIAAN', 10632968125, 6358, 2),
(85, 2018, '10', 'KURBAN', 13000000, 1, 2),
(86, 2018, '10', 'NON HALAL', 350366, 3, 2),
(87, 2018, '10', 'WAKAF', 1373444485, 862, 2),
(88, 2018, '10', 'ZAKAT', 6325464624, 12735, 2),
(89, 2018, '11', 'CILKUR', 9167476, 37, 2),
(90, 2018, '11', 'INFAK', 974033595, 3157, 2),
(91, 2018, '11', 'INFAK TEMATIK', 276604795, 751, 2),
(92, 2018, '11', 'INFAK TERIKAT', 866844901, 11, 2),
(93, 2018, '11', 'KEMANUSIAAN', 2266484066, 2033, 2),
(94, 2018, '11', 'NON HALAL', 1518135, 2, 2),
(95, 2018, '11', 'WAKAF', 757165791, 958, 2),
(96, 2018, '11', 'ZAKAT', 6082730732, 12926, 2),
(97, 2018, '12', 'CILKUR', 10316041, 34, 2),
(98, 2018, '12', 'INFAK', 1317927819, 3455, 2),
(99, 2018, '12', 'INFAK TEMATIK', 274150257, 1030, 2),
(100, 2018, '12', 'INFAK TERIKAT', 5560714, 14, 2),
(101, 2018, '12', 'KEMANUSIAAN', 2246620727, 3867, 2),
(102, 2018, '12', 'KURBAN', 1975000, 1, 2),
(103, 2018, '12', 'NON HALAL', 68422, 2, 2),
(104, 2018, '12', 'WAKAF', 1263779804, 1141, 2),
(105, 2018, '12', 'ZAKAT', 10106444773, 15245, 2),
(106, 2019, '1', 'CILKUR', 18102985, 41, 2),
(107, 2019, '1', 'INFAK', 807456876, 3065, 2),
(108, 2019, '1', 'INFAK TEMATIK', 274699566, 927, 2),
(109, 2019, '1', 'INFAK TERIKAT', 4370000, 5, 2),
(110, 2019, '1', 'KEMANUSIAAN', 1791043929, 2277, 2),
(111, 2019, '1', 'LAIN-LAIN', -22500, 2, 2),
(112, 2019, '1', 'NON HALAL', 429169, 2, 2),
(113, 2019, '1', 'WAKAF', 1151138100, 900, 2),
(114, 2019, '1', 'ZAKAT', 7354672413, 13822, 2),
(115, 2019, '2', 'CILKUR', 9027055, 33, 2),
(116, 2019, '2', 'INFAK', 815346237, 3161, 2),
(117, 2019, '2', 'INFAK TEMATIK', 348829803, 977, 2),
(118, 2019, '2', 'INFAK TERIKAT', 3692605625, 11, 2),
(119, 2019, '2', 'KEMANUSIAAN', 703083678, 1059, 2),
(120, 2019, '2', 'KURBAN', 25375000, 9, 2),
(121, 2019, '2', 'WAKAF', 1079504507, 923, 2),
(122, 2019, '2', 'ZAKAT', 14890242796, 14049, 2),
(123, 2019, '3', 'CILKUR', 14818542, 39, 2),
(124, 2019, '3', 'INFAK', 965119065, 3178, 2),
(125, 2019, '3', 'INFAK TEMATIK', 462035176, 1281, 2),
(126, 2019, '3', 'INFAK TERIKAT', 4106579051, 42, 2),
(127, 2019, '3', 'KEMANUSIAAN', 482143620, 1242, 2),
(128, 2019, '3', 'KURBAN', 24750000, 7, 2),
(129, 2019, '3', 'LAIN-LAIN', 120200000, 2, 2),
(130, 2019, '3', 'WAKAF', 656513321, 976, 2),
(131, 2019, '3', 'ZAKAT', 8499321766, 15381, 2),
(132, 2019, '4', 'CILKUR', 10661753, 30, 2),
(133, 2019, '4', 'INFAK', 1224876521, 3401, 2),
(134, 2019, '4', 'INFAK TEMATIK', 425953261, 1591, 2),
(135, 2019, '4', 'INFAK TERIKAT', 660193458, 13, 2),
(136, 2019, '4', 'KEMANUSIAAN', 546409387, 933, 2),
(137, 2019, '4', 'KURBAN', 42900000, 13, 2),
(138, 2019, '4', 'WAKAF', 472340226, 991, 2),
(139, 2019, '4', 'ZAKAT', 10387905425, 14568, 2),
(140, 2019, '5', 'CILKUR', 17464308, 42, 2),
(141, 2019, '5', 'INFAK', 2803998652, 12739, 2),
(142, 2019, '5', 'INFAK TEMATIK', 2413239972, 7293, 2),
(143, 2019, '5', 'INFAK TERIKAT', 581000855, 117, 2),
(144, 2019, '5', 'KEMANUSIAAN', 1237953179, 1755, 2),
(145, 2019, '5', 'KURBAN', 96600000, 34, 2),
(146, 2019, '5', 'NON HALAL', 300000, 1, 2),
(147, 2019, '5', 'WAKAF', 1459651144, 2992, 2),
(148, 2019, '5', 'ZAKAT', 43892896546, 29620, 2),
(149, 2019, '6', 'CILKUR', 11082258, 28, 2),
(150, 2019, '6', 'INFAK', 1602808741, 4126, 2),
(151, 2019, '6', 'INFAK TEMATIK', 763718289, 2106, 2),
(152, 2019, '6', 'INFAK TERIKAT', 34950728, 30, 2),
(153, 2019, '6', 'KEMANUSIAAN', 225543805, 674, 2),
(154, 2019, '6', 'KURBAN', 888150074, 317, 2),
(155, 2019, '6', 'NON HALAL', 19133, 1, 2),
(156, 2019, '6', 'WAKAF', 1107118462, 1729, 2),
(157, 2019, '6', 'ZAKAT', 26431899818, 57722, 2),
(158, 2019, '7', 'CILKUR', 60178058, 68, 2),
(159, 2019, '7', 'INFAK', 1399267307, 4705, 2),
(160, 2019, '7', 'INFAK TEMATIK', 1184028398, 1720, 2),
(161, 2019, '7', 'INFAK TERIKAT', 1224358314, 8, 2),
(162, 2019, '7', 'KEMANUSIAAN', 639880324, 511, 2),
(163, 2019, '7', 'KURBAN', 14037912259, 5353, 2),
(164, 2019, '7', 'LAIN-LAIN', -377434, 7, 2),
(165, 2019, '7', 'WAKAF', 1433510240, 1335, 2),
(166, 2019, '7', 'ZAKAT', 23664726102, 15699, 2),
(167, 2019, '8', 'CILKUR', 39046340, 36, 2),
(168, 2019, '8', 'INFAK', 2902557492, 7512, 2),
(169, 2019, '8', 'INFAK TEMATIK', 594347569, 1633, 2),
(170, 2019, '8', 'INFAK TERIKAT', 1816913241, 9, 2),
(171, 2019, '8', 'KEMANUSIAAN', 116483477, 362, 2),
(172, 2019, '8', 'KURBAN', 38850699431, 13663, 2),
(173, 2019, '8', 'NON HALAL', 117121, 1, 2),
(174, 2019, '8', 'WAKAF', 1128625901, 1505, 2),
(175, 2019, '8', 'ZAKAT', 7019050189, 14831, 2),
(176, 2019, '9', 'CILKUR', 8741546, 34, 2),
(177, 2019, '9', 'INFAK', 1182313763, 2926, 2),
(178, 2019, '9', 'INFAK TEMATIK', 849440635, 1889, 2),
(179, 2019, '9', 'INFAK TERIKAT', 554028929, 8, 2),
(180, 2019, '9', 'KEMANUSIAAN', 336988757, 907, 2),
(181, 2019, '9', 'KURBAN', 15251238, 2, 2),
(182, 2019, '9', 'LAIN-LAIN', 126200000, 2, 2),
(183, 2019, '9', 'NON HALAL', 1246147, 2, 2),
(184, 2019, '9', 'WAKAF', 910950702, 1536, 2),
(185, 2019, '9', 'ZAKAT', 8912543685, 14568, 2),
(186, 2019, '10', 'CILKUR', 7902955, 33, 2),
(187, 2019, '10', 'INFAK', 1083609417, 2753, 2),
(188, 2019, '10', 'INFAK TEMATIK', 902819657, 2106, 2),
(189, 2019, '10', 'INFAK TERIKAT', 1041192010, 14, 2),
(190, 2019, '10', 'KEMANUSIAAN', 574565895, 993, 2),
(191, 2019, '10', 'KURBAN', 200000, 1, 2),
(192, 2019, '10', 'NON HALAL', 267063, 1, 2),
(193, 2019, '10', 'WAKAF', 2848438360, 2583, 2),
(194, 2019, '10', 'ZAKAT', 7078845700, 15040, 2),
(195, 2019, '11', 'CILKUR', 12653248, 45, 2),
(196, 2019, '11', 'INFAK', 1128779586, 3107, 2),
(197, 2019, '11', 'INFAK TEMATIK', 546425402, 2098, 2),
(198, 2019, '11', 'INFAK TERIKAT', 45118904, 24, 2),
(199, 2019, '11', 'KEMANUSIAAN', 265695768, 483, 2),
(200, 2019, '11', 'WAKAF', 1045696919, 2609, 2),
(201, 2019, '11', 'ZAKAT', 6852897130, 14717, 2),
(202, 2019, '12', 'CILKUR', 10977673, 34, 2),
(203, 2019, '12', 'INFAK', 902429872, 2891, 2),
(204, 2019, '12', 'INFAK TEMATIK', 736839479, 2749, 2),
(205, 2019, '12', 'INFAK TERIKAT', 117436670, 37, 2),
(206, 2019, '12', 'KEMANUSIAAN', 507345056, 1098, 2),
(207, 2019, '12', 'KURBAN', 15500000, 2, 2),
(208, 2019, '12', 'LAIN-LAIN', 525000, 2, 2),
(209, 2019, '12', 'NON HALAL', 17709, 1, 2),
(210, 2019, '12', 'WAKAF', 1801305066, 2266, 2),
(211, 2019, '12', 'ZAKAT', 14949114292, 16041, 2),
(212, 2020, '1', 'CILKUR', 8577608, 38, 2),
(213, 2020, '1', 'INFAK', 1521777133, 2679, 2),
(214, 2020, '1', 'INFAK TEMATIK', 1216775121, 4012, 2),
(215, 2020, '1', 'INFAK TERIKAT', 368496327, 10, 2),
(216, 2020, '1', 'KEMANUSIAAN', 1703632108, 3170, 2),
(217, 2020, '1', 'KURBAN', 13500000, 1, 2),
(218, 2020, '1', 'WAKAF', 666850550, 2148, 2),
(219, 2020, '1', 'ZAKAT', 9759986626, 9909, 2),
(220, 2020, '2', 'CILKUR', 8139958, 36, 2),
(221, 2020, '2', 'INFAK', 949052082, 2614, 2),
(222, 2020, '2', 'INFAK TEMATIK', 621683536, 3482, 2),
(223, 2020, '2', 'INFAK TERIKAT', 3121574, 5, 2),
(224, 2020, '2', 'KEMANUSIAAN', 677046943, 1168, 2),
(225, 2020, '2', 'KURBAN', 9530000, 5, 2),
(226, 2020, '2', 'WAKAF', 837489072, 2014, 2),
(227, 2020, '2', 'ZAKAT', 8034284382, 9750, 2),
(228, 2020, '3', 'CILKUR', 15010723, 52, 2),
(229, 2020, '3', 'INFAK', 1134509015, 2620, 2),
(230, 2020, '3', 'INFAK TEMATIK', 781585456, 2881, 2),
(231, 2020, '3', 'INFAK TERIKAT', 204844045, 21, 2),
(232, 2020, '3', 'KEMANUSIAAN', 5221165051, 6812, 2),
(233, 2020, '3', 'KURBAN', 7160007, 4, 2),
(234, 2020, '3', 'LAIN-LAIN', 2600000, 1, 2),
(235, 2020, '3', 'WAKAF', 1114588364, 1932, 2),
(236, 2020, '3', 'ZAKAT', 9691571956, 10746, 2),
(237, 2020, '4', 'CILKUR', 9691261, 41, 2),
(238, 2020, '4', 'INFAK', 1049745176, 2696, 2),
(239, 2020, '4', 'INFAK TEMATIK', 1074683137, 4679, 2),
(240, 2020, '4', 'INFAK TERIKAT', 448076026, 5, 2),
(241, 2020, '4', 'KEMANUSIAAN', 7154395708, 6275, 2),
(242, 2020, '4', 'KURBAN', 15650927, 9, 2),
(243, 2020, '4', 'LAIN-LAIN', 348600, 7, 2),
(244, 2020, '4', 'WAKAF', 791878943, 1975, 2),
(245, 2020, '4', 'ZAKAT', 12829133140, 11846, 2),
(246, 2020, '5', 'CILKUR', 15425360, 47, 2),
(247, 2020, '5', 'INFAK', 2191125850, 7857, 2),
(248, 2020, '5', 'INFAK TEMATIK', 5569068617, 15376, 2),
(249, 2020, '5', 'INFAK TERIKAT', 76346559, 25, 2),
(250, 2020, '5', 'KEMANUSIAAN', 4148257123, 2291, 2),
(251, 2020, '5', 'KURBAN', 94027264, 52, 2),
(252, 2020, '5', 'LAIN-LAIN', 13612079, 29, 2),
(253, 2020, '5', 'NON HALAL', 5000000, 1, 2),
(254, 2020, '5', 'WAKAF', 2566768272, 3353, 2),
(255, 2020, '5', 'ZAKAT', 49176343427, 36103, 2),
(256, 2020, '6', 'CILKUR', 16814200, 49, 2),
(257, 2020, '6', 'INFAK', 598331418, 2557, 2),
(258, 2020, '6', 'INFAK TEMATIK', 966860027, 3897, 2),
(259, 2020, '6', 'INFAK TERIKAT', 19316306, 50, 2),
(260, 2020, '6', 'KEMANUSIAAN', 1161944264, 784, 2),
(261, 2020, '6', 'KURBAN', 5360165893, 2214, 2),
(262, 2020, '6', 'WAKAF', 689122389, 1750, 2),
(263, 2020, '6', 'ZAKAT', 8281267625, 8773, 2),
(264, 2020, '7', 'CILKUR', 99128185, 61, 2),
(265, 2020, '7', 'INFAK', 1305128768, 3257, 2),
(266, 2020, '7', 'INFAK TEMATIK', 909139772, 4424, 2),
(267, 2020, '7', 'INFAK TERIKAT', 1625836555, 113, 2),
(268, 2020, '7', 'KEMANUSIAAN', 1274917646, 1026, 2),
(269, 2020, '7', 'KURBAN', 55455760288, 26514, 2),
(270, 2020, '7', 'WAKAF', 492798410, 1374, 2),
(271, 2020, '7', 'ZAKAT', 8453144466, 10737, 2),
(272, 2020, '8', 'CILKUR', 31491530, 30, 2),
(273, 2020, '8', 'INFAK', 769431160, 2789, 2),
(274, 2020, '8', 'INFAK TEMATIK', 1293251400, 4562, 2),
(275, 2020, '8', 'INFAK TERIKAT', 21295063, 8, 2),
(276, 2020, '8', 'KEMANUSIAAN', 1016651380, 593, 2),
(277, 2020, '8', 'KURBAN', 8390714001, 636, 2),
(278, 2020, '8', 'WAKAF', 481085500, 1417, 2),
(279, 2020, '8', 'ZAKAT', 9903428015, 10891, 2),
(280, 2020, '9', 'CILKUR', 7310620, 27, 2),
(281, 2020, '9', 'INFAK', 1073984858, 3386, 2),
(282, 2020, '9', 'INFAK TEMATIK', 1559029852, 5702, 2),
(283, 2020, '9', 'INFAK TERIKAT', 83781750, 11, 2),
(284, 2020, '9', 'KEMANUSIAAN', 1151465718, 982, 2),
(285, 2020, '9', 'KURBAN', 14515018, 7, 2),
(286, 2020, '9', 'WAKAF', 653631625, 1737, 2),
(287, 2020, '9', 'ZAKAT', 8344564270, 11102, 2),
(288, 2020, '10', 'CILKUR', 7673144, 40, 2),
(289, 2020, '10', 'INFAK', 1495572516, 3372, 2),
(290, 2020, '10', 'INFAK TEMATIK', 1699448446, 6057, 2),
(291, 2020, '10', 'INFAK TERIKAT', 124340000, 9, 2),
(292, 2020, '10', 'KEMANUSIAAN', 330222410, 932, 2),
(293, 2020, '10', 'KURBAN', 650009, 4, 2),
(294, 2020, '10', 'LAIN-LAIN', 4, 2, 2),
(295, 2020, '10', 'NON HALAL', 150000, 1, 2),
(296, 2020, '10', 'WAKAF', 709846967, 1638, 2),
(297, 2020, '10', 'ZAKAT', 9004324137, 11938, 2),
(298, 2020, '11', 'CILKUR', 8880899, 42, 2),
(299, 2020, '11', 'INFAK', 1044109235, 3153, 2),
(300, 2020, '11', 'INFAK TEMATIK', 1778340989, 6256, 2),
(301, 2020, '11', 'INFAK TERIKAT', 392117000, 15, 2),
(302, 2020, '11', 'KEMANUSIAAN', 744404470, 804, 2),
(303, 2020, '11', 'KURBAN', 316890009, 10, 2),
(304, 2020, '11', 'NON HALAL', 50000, 1, 2),
(305, 2020, '11', 'WAKAF', 554214169, 1666, 2),
(306, 2020, '11', 'ZAKAT', 10001777272, 12766, 2),
(307, 2020, '12', 'CILKUR', 6185593, 38, 2),
(308, 2020, '12', 'INFAK', 1433591141, 3134, 2),
(309, 2020, '12', 'INFAK TEMATIK', 1850507513, 6625, 2),
(310, 2020, '12', 'INFAK TERIKAT', 140148251, 25, 2),
(311, 2020, '12', 'KEMANUSIAAN', 362028521, 755, 2),
(312, 2020, '12', 'KURBAN', 700009, 3, 2),
(313, 2020, '12', 'WAKAF', 1400914731, 1697, 2),
(314, 2020, '12', 'ZAKAT', 10536921072, 13163, 2),
(315, 2021, '1', 'CILKUR', 10715021, 50, 2),
(316, 2021, '1', 'INFAK', 1221596291, 6066, 2),
(317, 2021, '1', 'INFAK TEMATIK', 1521445389, 8236, 2),
(318, 2021, '1', 'INFAK TERIKAT', 3828211085, 17, 2),
(319, 2021, '1', 'KEMANUSIAAN', 2316072165, 4879, 2),
(320, 2021, '1', 'KURBAN', 4290000, 4, 2),
(321, 2021, '1', 'LAIN-LAIN', 10892443, 42, 2),
(322, 2021, '1', 'NON HALAL', 589241, 2, 2),
(323, 2021, '1', 'WAKAF', 961957702, 2211, 2),
(324, 2021, '1', 'ZAKAT', 12168360530, 15796, 2),
(325, 2021, '2', 'CILKUR', 11733953, 66, 2),
(326, 2021, '2', 'INFAK', 677223493, 3463, 2),
(327, 2021, '2', 'INFAK TEMATIK', 1146780404, 7312, 2),
(328, 2021, '2', 'INFAK TERIKAT', 270213582, 18, 2),
(329, 2021, '2', 'KEMANUSIAAN', 1634709367, 1511, 2),
(330, 2021, '2', 'KURBAN', 7350000, 6, 2),
(331, 2021, '2', 'WAKAF', 762799357, 1838, 2),
(332, 2021, '2', 'ZAKAT', 10845490118, 13086, 2),
(333, 2021, '3', 'CILKUR', 10895450, 48, 2),
(334, 2021, '3', 'INFAK', 1500170766, 3366, 2),
(335, 2021, '3', 'INFAK TEMATIK', 2144638612, 7616, 2),
(336, 2021, '3', 'INFAK TERIKAT', 181524846, 8, 2),
(337, 2021, '3', 'KEMANUSIAAN', 346629821, 461, 2),
(338, 2021, '3', 'KURBAN', 41517275, 20, 2),
(339, 2021, '3', 'NON HALAL', 1340267, 7, 2),
(340, 2021, '3', 'WAKAF', 543239905, 1773, 2),
(341, 2021, '3', 'ZAKAT', 10457858425, 14689, 2),
(342, 2021, '4', 'CILKUR', 10593002, 34, 2),
(343, 2021, '4', 'INFAK', 1817351524, 4417, 2),
(344, 2021, '4', 'INFAK TEMATIK', 4555193873, 13697, 2),
(345, 2021, '4', 'INFAK TERIKAT', 2239986702, 50, 2),
(346, 2021, '4', 'KEMANUSIAAN', 1016720781, 1569, 2),
(347, 2021, '4', 'KURBAN', 194867180, 60, 2),
(348, 2021, '4', 'LAIN-LAIN', 130000, 2, 2),
(349, 2021, '4', 'NON HALAL', 16084124, 12, 2),
(350, 2021, '4', 'WAKAF', 983485034, 2237, 2),
(351, 2021, '4', 'ZAKAT', 23090744527, 17319, 2),
(352, 2021, '5', 'CILKUR', 10641498, 52, 2),
(353, 2021, '5', 'INFAK', 2258212605, 4498, 2),
(354, 2021, '5', 'INFAK TEMATIK', 2871477196, 14113, 2),
(355, 2021, '5', 'INFAK TERIKAT', 1134521601, 83, 2),
(356, 2021, '5', 'KEMANUSIAAN', 2327428029, 6183, 2),
(357, 2021, '5', 'KURBAN', 952903731, 300, 2),
(358, 2021, '5', 'LAIN-LAIN', 50000, 1, 2),
(359, 2021, '5', 'NON HALAL', 10587935, 14, 2),
(360, 2021, '5', 'WAKAF', 10950342726, 3277, 2),
(361, 2021, '5', 'ZAKAT', 48057310820, 32447, 2),
(362, 2021, '6', 'CILKUR', 22538929, 54, 2),
(363, 2021, '6', 'INFAK', 698769290, 2610, 2),
(364, 2021, '6', 'INFAK TEMATIK', 1156155110, 7539, 2),
(365, 2021, '6', 'INFAK TERIKAT', 164224416, 33, 2),
(366, 2021, '6', 'KEMANUSIAAN', 791516993, 1230, 2),
(367, 2021, '6', 'KURBAN', 7746927786, 2535, 2),
(368, 2021, '6', 'LAIN-LAIN', 160000, 1, 2),
(369, 2021, '6', 'NON HALAL', 9466059, 13, 2),
(370, 2021, '6', 'WAKAF', 1030688788, 1734, 2),
(371, 2021, '6', 'ZAKAT', 6188274951, 9422, 2),
(372, 2021, '7', 'CILKUR', 6930724, 14, 2),
(373, 2021, '7', 'INFAK', 657245876, 1226, 2),
(374, 2021, '7', 'INFAK TEMATIK', 970055649, 1148, 2),
(375, 2021, '7', 'INFAK TERIKAT', 335200746, 61, 2),
(376, 2021, '7', 'KEMANUSIAAN', 41420155, 114, 2),
(377, 2021, '7', 'KURBAN', 6538841751, 2025, 2),
(378, 2021, '7', 'WAKAF', 87907579, 224, 2),
(379, 2021, '7', 'ZAKAT', 2097353022, 4376, 2),
(380, 2021, '8', 'CILKUR', 1115018, 8, 2),
(381, 2021, '8', 'INFAK', 300421018, 781, 2),
(382, 2021, '8', 'INFAK TEMATIK', 825889014, 326, 2),
(383, 2021, '8', 'INFAK TERIKAT', 113788504, 5, 2),
(384, 2021, '8', 'KEMANUSIAAN', 1313479688, 37, 2),
(385, 2021, '8', 'KURBAN', 269332500, 4, 2),
(386, 2021, '8', 'WAKAF', 42177326, 48, 2),
(387, 2021, '8', 'ZAKAT', 1272217698, 1007, 2),
(388, 2021, '9', 'CILKUR', 1140000, 5, 2),
(389, 2021, '9', 'INFAK', 196476710, 737, 2),
(390, 2021, '9', 'INFAK TEMATIK', 194410178, 384, 2),
(391, 2021, '9', 'INFAK TERIKAT', 394182603, 9, 2),
(392, 2021, '9', 'KEMANUSIAAN', 19920170, 30, 2),
(393, 2021, '9', 'KURBAN', 1750000, 1, 2),
(394, 2021, '9', 'WAKAF', 10598753, 36, 2),
(395, 2021, '9', 'ZAKAT', 1006571486, 1018, 2),
(396, 2021, '10', 'CILKUR', 2390009, 9, 2),
(397, 2021, '10', 'INFAK', 413464662, 845, 2),
(398, 2021, '10', 'INFAK TEMATIK', 166236511, 461, 2),
(399, 2021, '10', 'INFAK TERIKAT', 296371921, 12, 2),
(400, 2021, '10', 'KEMANUSIAAN', 7169018, 11, 2),
(401, 2021, '10', 'WAKAF', 312296388, 126, 2),
(402, 2021, '10', 'ZAKAT', 905893917, 915, 2),
(403, 2021, '11', 'CILKUR', 1790009, 9, 2),
(404, 2021, '11', 'INFAK', 109592042, 721, 2),
(405, 2021, '11', 'INFAK TEMATIK', 240721789, 482, 2),
(406, 2021, '11', 'INFAK TERIKAT', 529579094, 15, 2),
(407, 2021, '11', 'KEMANUSIAAN', 29449901, 51, 2),
(408, 2021, '11', 'KURBAN', 9000000, 2, 2),
(409, 2021, '11', 'WAKAF', 36517887, 129, 2),
(410, 2021, '11', 'ZAKAT', 862551619, 891, 2),
(411, 2021, '12', 'CILKUR', 4290012, 16, 2),
(412, 2021, '12', 'INFAK', 192861703, 821, 2),
(413, 2021, '12', 'INFAK TEMATIK', 209155175, 343, 2),
(414, 2021, '12', 'INFAK TERIKAT', 13651962, 15, 2),
(415, 2021, '12', 'KEMANUSIAAN', 427687464, 539, 2),
(416, 2021, '12', 'KURBAN', 1490009, 1, 2),
(417, 2021, '12', 'NON HALAL', 450000, 1, 2),
(418, 2021, '12', 'WAKAF', 12507246, 59, 2),
(419, 2021, '12', 'ZAKAT', 989748747, 1053, 2),
(420, 2018, '1', 'CILKUR', 12015348, 36, 3),
(421, 2018, '1', 'INFAK', 1069019814, 3713, 3),
(422, 2018, '1', 'INFAK TEMATIK', 380513612, 614, 3),
(423, 2018, '1', 'INFAK TERIKAT', 3244000, 13, 3),
(424, 2018, '1', 'KEMANUSIAAN', 465542857, 586, 3),
(425, 2018, '1', 'NON HALAL', 34111, 1, 3),
(426, 2018, '1', 'WAKAF', 832879190, 874, 3),
(427, 2018, '1', 'ZAKAT', 8871923911, 14487, 3),
(428, 2018, '2', 'CILKUR', 11115248, 35, 3),
(429, 2018, '2', 'INFAK', 881007180, 3276, 3),
(430, 2018, '2', 'INFAK TEMATIK', 325696573, 715, 3),
(431, 2018, '2', 'INFAK TERIKAT', 10422516, 15, 3),
(432, 2018, '2', 'KEMANUSIAAN', 121748058, 341, 3),
(433, 2018, '2', 'KURBAN', 300000, 1, 3),
(434, 2018, '2', 'NON HALAL', 35719, 1, 3),
(435, 2018, '2', 'WAKAF', 427468591, 763, 3),
(436, 2018, '2', 'ZAKAT', 6284510946, 13895, 3),
(437, 2018, '3', 'CILKUR', 16118032, 39, 3),
(438, 2018, '3', 'INFAK', 1037085466, 3570, 3),
(439, 2018, '3', 'INFAK TEMATIK', 350794582, 620, 3),
(440, 2018, '3', 'INFAK TERIKAT', 55210000, 8, 3),
(441, 2018, '3', 'KEMANUSIAAN', 391324362, 724, 3),
(442, 2018, '3', 'KURBAN', 600000, 2, 3),
(443, 2018, '3', 'NON HALAL', 85123, 1, 3),
(444, 2018, '3', 'WAKAF', 1968298320, 824, 3),
(445, 2018, '3', 'ZAKAT', 7396975468, 15183, 3),
(446, 2018, '4', 'CILKUR', 19817257, 35, 3),
(447, 2018, '4', 'INFAK', 1192251160, 3335, 3),
(448, 2018, '4', 'INFAK TEMATIK', 311180016, 767, 3),
(449, 2018, '4', 'INFAK TERIKAT', 864118755, 10, 3),
(450, 2018, '4', 'KEMANUSIAAN', 180797845, 374, 3),
(451, 2018, '4', 'KURBAN', 4875000, 3, 3),
(452, 2018, '4', 'WAKAF', 897075943, 953, 3),
(453, 2018, '4', 'ZAKAT', 6832822033, 13064, 3),
(454, 2018, '5', 'CILKUR', 31576980, 51, 3),
(455, 2018, '5', 'INFAK', 1588251997, 8977, 3),
(456, 2018, '5', 'INFAK TEMATIK', 816373217, 2289, 3),
(457, 2018, '5', 'INFAK TERIKAT', 46638001, 94, 3),
(458, 2018, '5', 'KEMANUSIAAN', 182160977, 441, 3),
(459, 2018, '5', 'KURBAN', 29724000, 7, 3),
(460, 2018, '5', 'NON HALAL', 650702, 5, 3),
(461, 2018, '5', 'WAKAF', 2031756497, 1605, 3),
(462, 2018, '5', 'ZAKAT', 19106475270, 16151, 3),
(463, 2018, '6', 'CILKUR', 30182257, 47, 3),
(464, 2018, '6', 'INFAK', 2796448039, 9188, 3),
(465, 2018, '6', 'INFAK TEMATIK', 940804024, 2150, 3),
(466, 2018, '6', 'INFAK TERIKAT', 21536700, 85, 3),
(467, 2018, '6', 'KEMANUSIAAN', 562254256, 846, 3),
(468, 2018, '6', 'KURBAN', 46924000, 19, 3),
(469, 2018, '6', 'NON HALAL', 70123, 1, 3),
(470, 2018, '6', 'WAKAF', 6904541299, 1909, 3),
(471, 2018, '6', 'ZAKAT', 34993722709, 31325, 3),
(472, 2018, '7', 'CILKUR', 30097345, 55, 3),
(473, 2018, '7', 'INFAK', 1017411458, 3983, 3),
(474, 2018, '7', 'INFAK TEMATIK', 228287468, 943, 3),
(475, 2018, '7', 'INFAK TERIKAT', 169435088, 10, 3),
(476, 2018, '7', 'KEMANUSIAAN', 454705475, 475, 3),
(477, 2018, '7', 'KURBAN', 6025714192, 1959, 3),
(478, 2018, '7', 'WAKAF', 2292590068, 971, 3),
(479, 2018, '7', 'ZAKAT', 6887858212, 13353, 3),
(480, 2018, '8', 'CILKUR', 118198299, 67, 3),
(481, 2018, '8', 'INFAK', 1558523554, 7268, 3),
(482, 2018, '8', 'INFAK TEMATIK', 143743108, 717, 3),
(483, 2018, '8', 'INFAK TERIKAT', 2350863401, 10, 3),
(484, 2018, '8', 'KEMANUSIAAN', 3229017509, 4071, 3),
(485, 2018, '8', 'KURBAN', 30851888133, 10896, 3),
(486, 2018, '8', 'LAIN-LAIN', 500000, 1, 3),
(487, 2018, '8', 'NON HALAL', 896123, 2, 3),
(488, 2018, '8', 'WAKAF', 1807807020, 948, 3),
(489, 2018, '8', 'ZAKAT', 6676190406, 12474, 3),
(490, 2018, '9', 'CILKUR', 11380551, 24, 3),
(491, 2018, '9', 'INFAK', 626982746, 3004, 3),
(492, 2018, '9', 'INFAK TEMATIK', 468952186, 573, 3),
(493, 2018, '9', 'INFAK TERIKAT', 185099217, 13, 3),
(494, 2018, '9', 'KEMANUSIAAN', 1475072807, 1535, 3),
(495, 2018, '9', 'KURBAN', 2275000, 1, 3),
(496, 2018, '9', 'NON HALAL', 168111, 2, 3),
(497, 2018, '9', 'WAKAF', 512551476, 705, 3),
(498, 2018, '9', 'ZAKAT', 5974922316, 11765, 3),
(499, 2018, '10', 'CILKUR', 7514526, 29, 3),
(500, 2018, '10', 'INFAK', 650350455, 3058, 3),
(501, 2018, '10', 'INFAK TEMATIK', 442390424, 524, 3),
(502, 2018, '10', 'INFAK TERIKAT', 31296000, 5, 3),
(503, 2018, '10', 'KEMANUSIAAN', 10632968125, 6358, 3),
(504, 2018, '10', 'KURBAN', 13000000, 1, 3),
(505, 2018, '10', 'NON HALAL', 350366, 3, 3),
(506, 2018, '10', 'WAKAF', 1373444485, 862, 3),
(507, 2018, '10', 'ZAKAT', 6325464624, 12735, 3),
(508, 2018, '11', 'CILKUR', 9167476, 37, 3),
(509, 2018, '11', 'INFAK', 974033595, 3157, 3),
(510, 2018, '11', 'INFAK TEMATIK', 276604795, 751, 3),
(511, 2018, '11', 'INFAK TERIKAT', 866844901, 11, 3),
(512, 2018, '11', 'KEMANUSIAAN', 2266484066, 2033, 3),
(513, 2018, '11', 'NON HALAL', 1518135, 2, 3),
(514, 2018, '11', 'WAKAF', 757165791, 958, 3),
(515, 2018, '11', 'ZAKAT', 6082730732, 12926, 3),
(516, 2018, '12', 'CILKUR', 10316041, 34, 3),
(517, 2018, '12', 'INFAK', 1317927819, 3455, 3),
(518, 2018, '12', 'INFAK TEMATIK', 274150257, 1030, 3),
(519, 2018, '12', 'INFAK TERIKAT', 5560714, 14, 3),
(520, 2018, '12', 'KEMANUSIAAN', 2246620727, 3867, 3),
(521, 2018, '12', 'KURBAN', 1975000, 1, 3),
(522, 2018, '12', 'NON HALAL', 68422, 2, 3),
(523, 2018, '12', 'WAKAF', 1263779804, 1141, 3),
(524, 2018, '12', 'ZAKAT', 10106444773, 15245, 3),
(525, 2019, '1', 'CILKUR', 18102985, 41, 3),
(526, 2019, '1', 'INFAK', 807456876, 3065, 3),
(527, 2019, '1', 'INFAK TEMATIK', 274699566, 927, 3),
(528, 2019, '1', 'INFAK TERIKAT', 4370000, 5, 3),
(529, 2019, '1', 'KEMANUSIAAN', 1791043929, 2277, 3),
(530, 2019, '1', 'LAIN-LAIN', -22500, 2, 3),
(531, 2019, '1', 'NON HALAL', 429169, 2, 3),
(532, 2019, '1', 'WAKAF', 1151138100, 900, 3),
(533, 2019, '1', 'ZAKAT', 7354672413, 13822, 3),
(534, 2019, '2', 'CILKUR', 9027055, 33, 3),
(535, 2019, '2', 'INFAK', 815346237, 3161, 3),
(536, 2019, '2', 'INFAK TEMATIK', 348829803, 977, 3),
(537, 2019, '2', 'INFAK TERIKAT', 3692605625, 11, 3),
(538, 2019, '2', 'KEMANUSIAAN', 703083678, 1059, 3),
(539, 2019, '2', 'KURBAN', 25375000, 9, 3),
(540, 2019, '2', 'WAKAF', 1079504507, 923, 3),
(541, 2019, '2', 'ZAKAT', 14890242796, 14049, 3),
(542, 2019, '3', 'CILKUR', 14818542, 39, 3),
(543, 2019, '3', 'INFAK', 965119065, 3178, 3),
(544, 2019, '3', 'INFAK TEMATIK', 462035176, 1281, 3),
(545, 2019, '3', 'INFAK TERIKAT', 4106579051, 42, 3),
(546, 2019, '3', 'KEMANUSIAAN', 482143620, 1242, 3),
(547, 2019, '3', 'KURBAN', 24750000, 7, 3),
(548, 2019, '3', 'LAIN-LAIN', 120200000, 2, 3),
(549, 2019, '3', 'WAKAF', 656513321, 976, 3),
(550, 2019, '3', 'ZAKAT', 8499321766, 15381, 3),
(551, 2019, '4', 'CILKUR', 10661753, 30, 3),
(552, 2019, '4', 'INFAK', 1224876521, 3401, 3),
(553, 2019, '4', 'INFAK TEMATIK', 425953261, 1591, 3),
(554, 2019, '4', 'INFAK TERIKAT', 660193458, 13, 3),
(555, 2019, '4', 'KEMANUSIAAN', 546409387, 933, 3),
(556, 2019, '4', 'KURBAN', 42900000, 13, 3),
(557, 2019, '4', 'WAKAF', 472340226, 991, 3),
(558, 2019, '4', 'ZAKAT', 10387905425, 14568, 3),
(559, 2019, '5', 'CILKUR', 17464308, 42, 3),
(560, 2019, '5', 'INFAK', 2803998652, 12739, 3),
(561, 2019, '5', 'INFAK TEMATIK', 2413239972, 7293, 3),
(562, 2019, '5', 'INFAK TERIKAT', 581000855, 117, 3),
(563, 2019, '5', 'KEMANUSIAAN', 1237953179, 1755, 3),
(564, 2019, '5', 'KURBAN', 96600000, 34, 3),
(565, 2019, '5', 'NON HALAL', 300000, 1, 3),
(566, 2019, '5', 'WAKAF', 1459651144, 2992, 3),
(567, 2019, '5', 'ZAKAT', 43892896546, 29620, 3),
(568, 2019, '6', 'CILKUR', 11082258, 28, 3),
(569, 2019, '6', 'INFAK', 1602808741, 4126, 3),
(570, 2019, '6', 'INFAK TEMATIK', 763718289, 2106, 3),
(571, 2019, '6', 'INFAK TERIKAT', 34950728, 30, 3),
(572, 2019, '6', 'KEMANUSIAAN', 225543805, 674, 3),
(573, 2019, '6', 'KURBAN', 888150074, 317, 3),
(574, 2019, '6', 'NON HALAL', 19133, 1, 3),
(575, 2019, '6', 'WAKAF', 1107118462, 1729, 3),
(576, 2019, '6', 'ZAKAT', 26431899818, 57722, 3),
(577, 2019, '7', 'CILKUR', 60178058, 68, 3),
(578, 2019, '7', 'INFAK', 1399267307, 4705, 3),
(579, 2019, '7', 'INFAK TEMATIK', 1184028398, 1720, 3),
(580, 2019, '7', 'INFAK TERIKAT', 1224358314, 8, 3),
(581, 2019, '7', 'KEMANUSIAAN', 639880324, 511, 3),
(582, 2019, '7', 'KURBAN', 14037912259, 5353, 3),
(583, 2019, '7', 'LAIN-LAIN', -377434, 7, 3),
(584, 2019, '7', 'WAKAF', 1433510240, 1335, 3),
(585, 2019, '7', 'ZAKAT', 23664726102, 15699, 3),
(586, 2019, '8', 'CILKUR', 39046340, 36, 3),
(587, 2019, '8', 'INFAK', 2902557492, 7512, 3),
(588, 2019, '8', 'INFAK TEMATIK', 594347569, 1633, 3),
(589, 2019, '8', 'INFAK TERIKAT', 1816913241, 9, 3),
(590, 2019, '8', 'KEMANUSIAAN', 116483477, 362, 3),
(591, 2019, '8', 'KURBAN', 38850699431, 13663, 3),
(592, 2019, '8', 'NON HALAL', 117121, 1, 3),
(593, 2019, '8', 'WAKAF', 1128625901, 1505, 3),
(594, 2019, '8', 'ZAKAT', 7019050189, 14831, 3),
(595, 2019, '9', 'CILKUR', 8741546, 34, 3),
(596, 2019, '9', 'INFAK', 1182313763, 2926, 3),
(597, 2019, '9', 'INFAK TEMATIK', 849440635, 1889, 3),
(598, 2019, '9', 'INFAK TERIKAT', 554028929, 8, 3),
(599, 2019, '9', 'KEMANUSIAAN', 336988757, 907, 3),
(600, 2019, '9', 'KURBAN', 15251238, 2, 3),
(601, 2019, '9', 'LAIN-LAIN', 126200000, 2, 3),
(602, 2019, '9', 'NON HALAL', 1246147, 2, 3),
(603, 2019, '9', 'WAKAF', 910950702, 1536, 3),
(604, 2019, '9', 'ZAKAT', 8912543685, 14568, 3),
(605, 2019, '10', 'CILKUR', 7902955, 33, 3),
(606, 2019, '10', 'INFAK', 1083609417, 2753, 3),
(607, 2019, '10', 'INFAK TEMATIK', 902819657, 2106, 3),
(608, 2019, '10', 'INFAK TERIKAT', 1041192010, 14, 3),
(609, 2019, '10', 'KEMANUSIAAN', 574565895, 993, 3),
(610, 2019, '10', 'KURBAN', 200000, 1, 3),
(611, 2019, '10', 'NON HALAL', 267063, 1, 3),
(612, 2019, '10', 'WAKAF', 2848438360, 2583, 3),
(613, 2019, '10', 'ZAKAT', 7078845700, 15040, 3),
(614, 2019, '11', 'CILKUR', 12653248, 45, 3),
(615, 2019, '11', 'INFAK', 1128779586, 3107, 3),
(616, 2019, '11', 'INFAK TEMATIK', 546425402, 2098, 3),
(617, 2019, '11', 'INFAK TERIKAT', 45118904, 24, 3),
(618, 2019, '11', 'KEMANUSIAAN', 265695768, 483, 3),
(619, 2019, '11', 'WAKAF', 1045696919, 2609, 3),
(620, 2019, '11', 'ZAKAT', 6852897130, 14717, 3),
(621, 2019, '12', 'CILKUR', 10977673, 34, 3),
(622, 2019, '12', 'INFAK', 902429872, 2891, 3),
(623, 2019, '12', 'INFAK TEMATIK', 736839479, 2749, 3),
(624, 2019, '12', 'INFAK TERIKAT', 117436670, 37, 3),
(625, 2019, '12', 'KEMANUSIAAN', 507345056, 1098, 3),
(626, 2019, '12', 'KURBAN', 15500000, 2, 3),
(627, 2019, '12', 'LAIN-LAIN', 525000, 2, 3),
(628, 2019, '12', 'NON HALAL', 17709, 1, 3),
(629, 2019, '12', 'WAKAF', 1801305066, 2266, 3),
(630, 2019, '12', 'ZAKAT', 14949114292, 16041, 3),
(631, 2020, '1', 'CILKUR', 8577608, 38, 3),
(632, 2020, '1', 'INFAK', 1521777133, 2679, 3),
(633, 2020, '1', 'INFAK TEMATIK', 1216775121, 4012, 3),
(634, 2020, '1', 'INFAK TERIKAT', 368496327, 10, 3),
(635, 2020, '1', 'KEMANUSIAAN', 1703632108, 3170, 3),
(636, 2020, '1', 'KURBAN', 13500000, 1, 3),
(637, 2020, '1', 'WAKAF', 666850550, 2148, 3),
(638, 2020, '1', 'ZAKAT', 9759986626, 9909, 3),
(639, 2020, '2', 'CILKUR', 8139958, 36, 3),
(640, 2020, '2', 'INFAK', 949052082, 2614, 3),
(641, 2020, '2', 'INFAK TEMATIK', 621683536, 3482, 3),
(642, 2020, '2', 'INFAK TERIKAT', 3121574, 5, 3),
(643, 2020, '2', 'KEMANUSIAAN', 677046943, 1168, 3),
(644, 2020, '2', 'KURBAN', 9530000, 5, 3),
(645, 2020, '2', 'WAKAF', 837489072, 2014, 3),
(646, 2020, '2', 'ZAKAT', 8034284382, 9750, 3),
(647, 2020, '3', 'CILKUR', 15010723, 52, 3),
(648, 2020, '3', 'INFAK', 1134509015, 2620, 3),
(649, 2020, '3', 'INFAK TEMATIK', 781585456, 2881, 3),
(650, 2020, '3', 'INFAK TERIKAT', 204844045, 21, 3),
(651, 2020, '3', 'KEMANUSIAAN', 5221165051, 6812, 3),
(652, 2020, '3', 'KURBAN', 7160007, 4, 3),
(653, 2020, '3', 'LAIN-LAIN', 2600000, 1, 3),
(654, 2020, '3', 'WAKAF', 1114588364, 1932, 3),
(655, 2020, '3', 'ZAKAT', 9691571956, 10746, 3),
(656, 2020, '4', 'CILKUR', 9691261, 41, 3),
(657, 2020, '4', 'INFAK', 1049745176, 2696, 3),
(658, 2020, '4', 'INFAK TEMATIK', 1074683137, 4679, 3),
(659, 2020, '4', 'INFAK TERIKAT', 448076026, 5, 3),
(660, 2020, '4', 'KEMANUSIAAN', 7154395708, 6275, 3),
(661, 2020, '4', 'KURBAN', 15650927, 9, 3),
(662, 2020, '4', 'LAIN-LAIN', 348600, 7, 3),
(663, 2020, '4', 'WAKAF', 791878943, 1975, 3),
(664, 2020, '4', 'ZAKAT', 12829133140, 11846, 3),
(665, 2020, '5', 'CILKUR', 15425360, 47, 3),
(666, 2020, '5', 'INFAK', 2191125850, 7857, 3),
(667, 2020, '5', 'INFAK TEMATIK', 5569068617, 15376, 3),
(668, 2020, '5', 'INFAK TERIKAT', 76346559, 25, 3),
(669, 2020, '5', 'KEMANUSIAAN', 4148257123, 2291, 3),
(670, 2020, '5', 'KURBAN', 94027264, 52, 3),
(671, 2020, '5', 'LAIN-LAIN', 13612079, 29, 3),
(672, 2020, '5', 'NON HALAL', 5000000, 1, 3),
(673, 2020, '5', 'WAKAF', 2566768272, 3353, 3),
(674, 2020, '5', 'ZAKAT', 49176343427, 36103, 3),
(675, 2020, '6', 'CILKUR', 16814200, 49, 3),
(676, 2020, '6', 'INFAK', 598331418, 2557, 3),
(677, 2020, '6', 'INFAK TEMATIK', 966860027, 3897, 3),
(678, 2020, '6', 'INFAK TERIKAT', 19316306, 50, 3),
(679, 2020, '6', 'KEMANUSIAAN', 1161944264, 784, 3),
(680, 2020, '6', 'KURBAN', 5360165893, 2214, 3),
(681, 2020, '6', 'WAKAF', 689122389, 1750, 3),
(682, 2020, '6', 'ZAKAT', 8281267625, 8773, 3),
(683, 2020, '7', 'CILKUR', 99128185, 61, 3),
(684, 2020, '7', 'INFAK', 1305128768, 3257, 3),
(685, 2020, '7', 'INFAK TEMATIK', 909139772, 4424, 3),
(686, 2020, '7', 'INFAK TERIKAT', 1625836555, 113, 3),
(687, 2020, '7', 'KEMANUSIAAN', 1274917646, 1026, 3),
(688, 2020, '7', 'KURBAN', 55455760288, 26514, 3),
(689, 2020, '7', 'WAKAF', 492798410, 1374, 3),
(690, 2020, '7', 'ZAKAT', 8453144466, 10737, 3),
(691, 2020, '8', 'CILKUR', 31491530, 30, 3),
(692, 2020, '8', 'INFAK', 769431160, 2789, 3),
(693, 2020, '8', 'INFAK TEMATIK', 1293251400, 4562, 3),
(694, 2020, '8', 'INFAK TERIKAT', 21295063, 8, 3),
(695, 2020, '8', 'KEMANUSIAAN', 1016651380, 593, 3),
(696, 2020, '8', 'KURBAN', 8390714001, 636, 3),
(697, 2020, '8', 'WAKAF', 481085500, 1417, 3),
(698, 2020, '8', 'ZAKAT', 9903428015, 10891, 3),
(699, 2020, '9', 'CILKUR', 7310620, 27, 3),
(700, 2020, '9', 'INFAK', 1073984858, 3386, 3),
(701, 2020, '9', 'INFAK TEMATIK', 1559029852, 5702, 3),
(702, 2020, '9', 'INFAK TERIKAT', 83781750, 11, 3),
(703, 2020, '9', 'KEMANUSIAAN', 1151465718, 982, 3),
(704, 2020, '9', 'KURBAN', 14515018, 7, 3),
(705, 2020, '9', 'WAKAF', 653631625, 1737, 3),
(706, 2020, '9', 'ZAKAT', 8344564270, 11102, 3),
(707, 2020, '10', 'CILKUR', 7673144, 40, 3),
(708, 2020, '10', 'INFAK', 1495572516, 3372, 3),
(709, 2020, '10', 'INFAK TEMATIK', 1699448446, 6057, 3),
(710, 2020, '10', 'INFAK TERIKAT', 124340000, 9, 3),
(711, 2020, '10', 'KEMANUSIAAN', 330222410, 932, 3),
(712, 2020, '10', 'KURBAN', 650009, 4, 3),
(713, 2020, '10', 'LAIN-LAIN', 4, 2, 3),
(714, 2020, '10', 'NON HALAL', 150000, 1, 3),
(715, 2020, '10', 'WAKAF', 709846967, 1638, 3),
(716, 2020, '10', 'ZAKAT', 9004324137, 11938, 3),
(717, 2020, '11', 'CILKUR', 8880899, 42, 3),
(718, 2020, '11', 'INFAK', 1044109235, 3153, 3),
(719, 2020, '11', 'INFAK TEMATIK', 1778340989, 6256, 3),
(720, 2020, '11', 'INFAK TERIKAT', 392117000, 15, 3),
(721, 2020, '11', 'KEMANUSIAAN', 744404470, 804, 3),
(722, 2020, '11', 'KURBAN', 316890009, 10, 3),
(723, 2020, '11', 'NON HALAL', 50000, 1, 3),
(724, 2020, '11', 'WAKAF', 554214169, 1666, 3),
(725, 2020, '11', 'ZAKAT', 10001777272, 12766, 3),
(726, 2020, '12', 'CILKUR', 6185593, 38, 3),
(727, 2020, '12', 'INFAK', 1433591141, 3134, 3),
(728, 2020, '12', 'INFAK TEMATIK', 1850507513, 6625, 3),
(729, 2020, '12', 'INFAK TERIKAT', 140148251, 25, 3),
(730, 2020, '12', 'KEMANUSIAAN', 362028521, 755, 3),
(731, 2020, '12', 'KURBAN', 700009, 3, 3),
(732, 2020, '12', 'WAKAF', 1400914731, 1697, 3),
(733, 2020, '12', 'ZAKAT', 10536921072, 13163, 3),
(734, 2021, '1', 'CILKUR', 10715021, 50, 3),
(735, 2021, '1', 'INFAK', 1221596291, 6066, 3),
(736, 2021, '1', 'INFAK TEMATIK', 1521445389, 8236, 3),
(737, 2021, '1', 'INFAK TERIKAT', 3828211085, 17, 3),
(738, 2021, '1', 'KEMANUSIAAN', 2316072165, 4879, 3),
(739, 2021, '1', 'KURBAN', 4290000, 4, 3),
(740, 2021, '1', 'LAIN-LAIN', 10892443, 42, 3),
(741, 2021, '1', 'NON HALAL', 589241, 2, 3),
(742, 2021, '1', 'WAKAF', 961957702, 2211, 3),
(743, 2021, '1', 'ZAKAT', 12168360530, 15796, 3),
(744, 2021, '2', 'CILKUR', 11733953, 66, 3),
(745, 2021, '2', 'INFAK', 677223493, 3463, 3),
(746, 2021, '2', 'INFAK TEMATIK', 1146780404, 7312, 3),
(747, 2021, '2', 'INFAK TERIKAT', 270213582, 18, 3),
(748, 2021, '2', 'KEMANUSIAAN', 1634709367, 1511, 3),
(749, 2021, '2', 'KURBAN', 7350000, 6, 3),
(750, 2021, '2', 'WAKAF', 762799357, 1838, 3),
(751, 2021, '2', 'ZAKAT', 10845490118, 13086, 3),
(752, 2021, '3', 'CILKUR', 10895450, 48, 3),
(753, 2021, '3', 'INFAK', 1500170766, 3366, 3),
(754, 2021, '3', 'INFAK TEMATIK', 2144638612, 7616, 3),
(755, 2021, '3', 'INFAK TERIKAT', 181524846, 8, 3),
(756, 2021, '3', 'KEMANUSIAAN', 346629821, 461, 3),
(757, 2021, '3', 'KURBAN', 41517275, 20, 3),
(758, 2021, '3', 'NON HALAL', 1340267, 7, 3),
(759, 2021, '3', 'WAKAF', 543239905, 1773, 3),
(760, 2021, '3', 'ZAKAT', 10457858425, 14689, 3),
(761, 2021, '4', 'CILKUR', 10593002, 34, 3),
(762, 2021, '4', 'INFAK', 1817351524, 4417, 3),
(763, 2021, '4', 'INFAK TEMATIK', 4555193873, 13697, 3),
(764, 2021, '4', 'INFAK TERIKAT', 2239986702, 50, 3),
(765, 2021, '4', 'KEMANUSIAAN', 1016720781, 1569, 3),
(766, 2021, '4', 'KURBAN', 194867180, 60, 3),
(767, 2021, '4', 'LAIN-LAIN', 130000, 2, 3),
(768, 2021, '4', 'NON HALAL', 16084124, 12, 3),
(769, 2021, '4', 'WAKAF', 983485034, 2237, 3),
(770, 2021, '4', 'ZAKAT', 23090744527, 17319, 3),
(771, 2021, '5', 'CILKUR', 10641498, 52, 3),
(772, 2021, '5', 'INFAK', 2258212605, 4498, 3),
(773, 2021, '5', 'INFAK TEMATIK', 2871477196, 14113, 3),
(774, 2021, '5', 'INFAK TERIKAT', 1134521601, 83, 3),
(775, 2021, '5', 'KEMANUSIAAN', 2327428029, 6183, 3),
(776, 2021, '5', 'KURBAN', 952903731, 300, 3),
(777, 2021, '5', 'LAIN-LAIN', 50000, 1, 3),
(778, 2021, '5', 'NON HALAL', 10587935, 14, 3),
(779, 2021, '5', 'WAKAF', 10950342726, 3277, 3),
(780, 2021, '5', 'ZAKAT', 48057310820, 32447, 3),
(781, 2021, '6', 'CILKUR', 22538929, 54, 3),
(782, 2021, '6', 'INFAK', 698769290, 2610, 3),
(783, 2021, '6', 'INFAK TEMATIK', 1156155110, 7539, 3),
(784, 2021, '6', 'INFAK TERIKAT', 164224416, 33, 3),
(785, 2021, '6', 'KEMANUSIAAN', 791516993, 1230, 3),
(786, 2021, '6', 'KURBAN', 7746927786, 2535, 3),
(787, 2021, '6', 'LAIN-LAIN', 160000, 1, 3),
(788, 2021, '6', 'NON HALAL', 9466059, 13, 3),
(789, 2021, '6', 'WAKAF', 1030688788, 1734, 3),
(790, 2021, '6', 'ZAKAT', 6188274951, 9422, 3),
(791, 2021, '7', 'CILKUR', 6930724, 14, 3),
(792, 2021, '7', 'INFAK', 657245876, 1226, 3),
(793, 2021, '7', 'INFAK TEMATIK', 970055649, 1148, 3),
(794, 2021, '7', 'INFAK TERIKAT', 335200746, 61, 3),
(795, 2021, '7', 'KEMANUSIAAN', 41420155, 114, 3),
(796, 2021, '7', 'KURBAN', 6538841751, 2025, 3),
(797, 2021, '7', 'WAKAF', 87907579, 224, 3),
(798, 2021, '7', 'ZAKAT', 2097353022, 4376, 3),
(799, 2021, '8', 'CILKUR', 1115018, 8, 3),
(800, 2021, '8', 'INFAK', 300421018, 781, 3),
(801, 2021, '8', 'INFAK TEMATIK', 825889014, 326, 3),
(802, 2021, '8', 'INFAK TERIKAT', 113788504, 5, 3),
(803, 2021, '8', 'KEMANUSIAAN', 1313479688, 37, 3),
(804, 2021, '8', 'KURBAN', 269332500, 4, 3),
(805, 2021, '8', 'WAKAF', 42177326, 48, 3),
(806, 2021, '8', 'ZAKAT', 1272217698, 1007, 3),
(807, 2021, '9', 'CILKUR', 1140000, 5, 3),
(808, 2021, '9', 'INFAK', 196476710, 737, 3),
(809, 2021, '9', 'INFAK TEMATIK', 194410178, 384, 3),
(810, 2021, '9', 'INFAK TERIKAT', 394182603, 9, 3),
(811, 2021, '9', 'KEMANUSIAAN', 19920170, 30, 3),
(812, 2021, '9', 'KURBAN', 1750000, 1, 3),
(813, 2021, '9', 'WAKAF', 10598753, 36, 3),
(814, 2021, '9', 'ZAKAT', 1006571486, 1018, 3),
(815, 2021, '10', 'CILKUR', 2390009, 9, 3),
(816, 2021, '10', 'INFAK', 413464662, 845, 3),
(817, 2021, '10', 'INFAK TEMATIK', 166236511, 461, 3),
(818, 2021, '10', 'INFAK TERIKAT', 296371921, 12, 3),
(819, 2021, '10', 'KEMANUSIAAN', 7169018, 11, 3),
(820, 2021, '10', 'WAKAF', 312296388, 126, 3),
(821, 2021, '10', 'ZAKAT', 905893917, 915, 3),
(822, 2021, '11', 'CILKUR', 1790009, 9, 3),
(823, 2021, '11', 'INFAK', 109592042, 721, 3),
(824, 2021, '11', 'INFAK TEMATIK', 240721789, 482, 3),
(825, 2021, '11', 'INFAK TERIKAT', 529579094, 15, 3),
(826, 2021, '11', 'KEMANUSIAAN', 29449901, 51, 3),
(827, 2021, '11', 'KURBAN', 9000000, 2, 3),
(828, 2021, '11', 'WAKAF', 36517887, 129, 3),
(829, 2021, '11', 'ZAKAT', 862551619, 891, 3),
(830, 2021, '12', 'CILKUR', 4290012, 16, 3),
(831, 2021, '12', 'INFAK', 192861703, 821, 3),
(832, 2021, '12', 'INFAK TEMATIK', 209155175, 343, 3),
(833, 2021, '12', 'INFAK TERIKAT', 13651962, 15, 3),
(834, 2021, '12', 'KEMANUSIAAN', 427687464, 539, 3),
(835, 2021, '12', 'KURBAN', 1490009, 1, 3),
(836, 2021, '12', 'NON HALAL', 450000, 1, 3),
(837, 2021, '12', 'WAKAF', 12507246, 59, 3),
(838, 2021, '12', 'ZAKAT', 989748747, 1053, 3);

-- --------------------------------------------------------

--
-- Table structure for table `hasil_prediksi`
--

CREATE TABLE `hasil_prediksi` (
  `id` bigint(20) NOT NULL,
  `tahun` bigint(20) NOT NULL,
  `bulan` varchar(20) NOT NULL,
  `jenis_donasi` varchar(255) NOT NULL,
  `jenis_prediksi` varchar(255) NOT NULL,
  `hasil_prediksi` bigint(20) NOT NULL,
  `id_master` bigint(20) NOT NULL
) ENGINE=InnoDB DEFAULT CHARSET=utf8mb4 COLLATE=utf8mb4_general_ci;

--
-- Dumping data for table `hasil_prediksi`
--

INSERT INTO `hasil_prediksi` (`id`, `tahun`, `bulan`, `jenis_donasi`, `jenis_prediksi`, `hasil_prediksi`, `id_master`) VALUES
(1, 2024, '10', 'INFAK', 'jumData', 3602, 2),
(2, 2024, '10', 'INFAK', 'jumData', 3602, 2),
(3, 2024, '10', 'INFAK', 'jumData', 3602, 2),
(4, 2024, '10', 'INFAK', 'jumData', 3602, 2),
(5, 2024, '10', 'INFAK', 'jumData', 3602, 2),
(6, 2021, '10', 'INFAK', 'jumData', 3602, 2),
(7, 2018, '10', 'ZAKAT', 'jumData', 12712, 2),
(8, 2018, '10', 'ZAKAT', 'jumData', 12712, 2),
(9, 2019, '10', 'INFAK', 'jumData', 2843, 2),
(10, 2019, '10', 'INFAK', 'jumData', 2843, 2),
(11, 2023, '10', 'ZAKAT', 'jumData', 12324, 2),
(12, 2023, '10', 'ZAKAT', 'jumData', 12324, 2),
(13, 2023, '10', 'ZAKAT', 'jumData', 12324, 2),
(14, 2023, '10', 'ZAKAT', 'jumData', 12324, 3),
(15, 2023, '10', 'ZAKAT', 'jumData', 12324, 3);

-- --------------------------------------------------------

--
-- Table structure for table `master`
--

CREATE TABLE `master` (
  `id` bigint(20) NOT NULL,
  `judul` varchar(255) NOT NULL,
  `nama_dataset` varchar(255) NOT NULL,
  `hasil` bigint(20) NOT NULL,
  `created_at` datetime DEFAULT NULL,
  `updated_at` datetime DEFAULT NULL
) ENGINE=InnoDB DEFAULT CHARSET=utf8mb4 COLLATE=utf8mb4_general_ci;

--
-- Dumping data for table `master`
--

INSERT INTO `master` (`id`, `judul`, `nama_dataset`, `hasil`, `created_at`, `updated_at`) VALUES
(2, 'Data donatur 2018 - 2021', 'dataset-e1c2316b-4009-484a-ab1d-e650e003eac9.csv', 1, '2023-07-14 02:49:29', '2023-07-14 02:49:29'),
(3, 'Data baru', 'dataset-222e7091-2d7a-456e-9f60-e0bf830c0a7c.csv', 1, '2023-07-14 03:35:31', '2023-07-14 03:35:31');

-- --------------------------------------------------------

--
-- Table structure for table `user`
--

CREATE TABLE `user` (
  `id` bigint(20) NOT NULL,
  `username` varchar(255) NOT NULL,
  `email` varchar(255) NOT NULL,
  `password` varchar(255) NOT NULL,
  `created_at` datetime DEFAULT NULL,
  `updated_at` datetime DEFAULT NULL
) ENGINE=InnoDB DEFAULT CHARSET=utf8mb4 COLLATE=utf8mb4_general_ci;

--
-- Dumping data for table `user`
--

INSERT INTO `user` (`id`, `username`, `email`, `password`, `created_at`, `updated_at`) VALUES
(1, 'rifqi', 'rifqi@gmail.com', 'pbkdf2:sha256:600000$67SuChzY79DDiBPx$07c3d7df6bd69558470670d951267d78807e572cc47b0b0dfec941e3bb5dc915', '2023-07-14 02:48:47', '2023-07-14 02:48:47');

--
-- Indexes for dumped tables
--

--
-- Indexes for table `alembic_version`
--
ALTER TABLE `alembic_version`
  ADD PRIMARY KEY (`version_num`);

--
-- Indexes for table `dataset`
--
ALTER TABLE `dataset`
  ADD PRIMARY KEY (`id`),
  ADD KEY `id_master` (`id_master`);

--
-- Indexes for table `hasil_prediksi`
--
ALTER TABLE `hasil_prediksi`
  ADD PRIMARY KEY (`id`),
  ADD KEY `id_master` (`id_master`);

--
-- Indexes for table `master`
--
ALTER TABLE `master`
  ADD PRIMARY KEY (`id`);

--
-- Indexes for table `user`
--
ALTER TABLE `user`
  ADD PRIMARY KEY (`id`),
  ADD UNIQUE KEY `ix_user_email` (`email`);

--
-- AUTO_INCREMENT for dumped tables
--

--
-- AUTO_INCREMENT for table `dataset`
--
ALTER TABLE `dataset`
  MODIFY `id` bigint(20) NOT NULL AUTO_INCREMENT, AUTO_INCREMENT=839;

--
-- AUTO_INCREMENT for table `hasil_prediksi`
--
ALTER TABLE `hasil_prediksi`
  MODIFY `id` bigint(20) NOT NULL AUTO_INCREMENT, AUTO_INCREMENT=16;

--
-- AUTO_INCREMENT for table `master`
--
ALTER TABLE `master`
  MODIFY `id` bigint(20) NOT NULL AUTO_INCREMENT, AUTO_INCREMENT=4;

--
-- AUTO_INCREMENT for table `user`
--
ALTER TABLE `user`
  MODIFY `id` bigint(20) NOT NULL AUTO_INCREMENT, AUTO_INCREMENT=2;

--
-- Constraints for dumped tables
--

--
-- Constraints for table `dataset`
--
ALTER TABLE `dataset`
  ADD CONSTRAINT `dataset_ibfk_1` FOREIGN KEY (`id_master`) REFERENCES `master` (`id`);

--
-- Constraints for table `hasil_prediksi`
--
ALTER TABLE `hasil_prediksi`
  ADD CONSTRAINT `hasil_prediksi_ibfk_1` FOREIGN KEY (`id_master`) REFERENCES `master` (`id`);
COMMIT;

/*!40101 SET CHARACTER_SET_CLIENT=@OLD_CHARACTER_SET_CLIENT */;
/*!40101 SET CHARACTER_SET_RESULTS=@OLD_CHARACTER_SET_RESULTS */;
/*!40101 SET COLLATION_CONNECTION=@OLD_COLLATION_CONNECTION */;
